epoch,train_mse,val_psnr,seconds
1,0.012194,22.113,41.5
2,0.009239,22.937,41.0
3,0.007964,23.354,42.2
4,0.008123,23.269,41.9
5,0.00732,23.394,40.8
6,0.007244,23.591,41.0
7,0.007086,23.965,40.6
8,0.0069,23.767,40.8
9,0.006843,23.639,41.3
10,0.006756,23.376,43.0
11,0.006901,23.967,40.1
12,0.006629,23.471,39.4
13,0.006968,24.102,40.8
14,0.006578,23.558,40.2
15,0.006681,23.733,41.1
16,0.006562,23.831,41.1
17,0.006843,23.994,41.8
18,0.006431,24.062,41.5
19,0.006244,24.275,40.8
20,0.006324,24.274,40.9
21,0.006236,24.169,41.4
22,0.006248,24.285,41.2
23,0.006122,24.165,41.8
24,0.006273,24.184,41.2
25,0.006055,23.927,41.2
26,0.006068,24.325,41.2
27,0.006074,24.229,41.0
28,0.00608,24.267,41.0
29,0.00595,24.373,41.5
30,0.005926,24.287,41.3
31,0.005953,24.389,41.2
32,0.005896,24.309,41.3
33,0.005866,24.379,40.2
34,0.005857,24.374,40.2
35,0.005843,24.297,39.8
36,0.005833,24.376,40.9
37,0.005815,24.378,40.8
38,0.0058,24.363,40.6
39,0.005807,24.387,41.1
40,0.005798,24.369,40.2
