epoch,train_mse,val_psnr,val_ssim,lr,seconds
1,0.0023686,26.2935,0.773,0.001,192.6
2,0.0022119,26.605,0.7869,0.0009972883382072953,206.9
3,0.0021412,26.6973,0.7893,0.0009891830623632338,205.1
4,0.0020443,26.8091,0.791,0.0009757729755661011,213.2
5,0.0020065,26.8294,0.7966,0.0009572050015330874,216.0
6,0.0020044,26.8133,0.7994,0.0009336825748732973,213.0
7,0.0018763,26.9494,0.8021,0.0009054634122155991,206.6
8,0.0020034,27.0205,0.7989,0.0008728566886113102,199.8
9,0.0019388,27.0291,0.803,0.0008362196501476349,199.8
10,0.0018871,26.9395,0.7954,0.0007959536998847742,201.9
11,0.0019027,27.0732,0.8062,0.0007525,198.0
12,0.0018937,27.1777,0.8085,0.0007063346383225212,195.8
13,0.0019094,27.1723,0.8087,0.000657963412215599,188.2
14,0.0018873,27.1736,0.8128,0.0006079162869547909,197.4
15,0.0018939,26.9731,0.8111,0.0005567415893174886,205.7
16,0.0019257,27.1758,0.8126,0.0005050000000000002,188.8
17,0.0018633,27.1239,0.8111,0.0004532584106825117,201.7
18,0.0018688,27.2705,0.8153,0.00040208371304520916,204.3
19,0.0018162,27.2605,0.8131,0.00035203658778440114,203.0
20,0.0018735,27.3306,0.8167,0.000303665361677479,203.0
21,0.0018735,27.2794,0.8164,0.0002575000000000002,203.7
22,0.0018641,27.3259,0.8174,0.0002140463001152259,201.0
23,0.001806,27.3316,0.8179,0.00017378034985236537,203.7
24,0.0018484,27.3238,0.8178,0.00013714331138868995,194.6
25,0.001833,27.3784,0.8189,0.00010453658778440111,180.1
26,0.0018219,27.3678,0.8178,7.631742512670288e-05,179.7
27,0.0018668,27.3886,0.8175,5.279499846691254e-05,180.6
28,0.0018068,27.4158,0.8191,3.422702443389901e-05,179.4
29,0.0018189,27.4438,0.819,2.0816937636766188e-05,179.1
30,0.0017716,27.4344,0.8191,1.2711661792704668e-05,178.9
